Workbook
Name CustosLogísticos_FUEL_PortoNorte: Inputs!$T$9:$T$40
Name CustosLogísticos_FUEL_PortoSul: Inputs!$U$9:$U$40
Name CustosLogísticos_MGO_PortoNorte: Inputs!$V$9:$V$40
Name CustosLogísticos_MGO_PortoSul: Inputs!$W$9:$W$40
Name PreçosSpot_C_PrémioRef: Inputs!$X$9:$X$40
Name PreçosSpot_C_DescontoAdicional: Inputs!$Y$9:$Y$40
Name PreçosSpot_C_Margem: Inputs!$Z$9:$Z$40
Name PreçosSpot_GMC_Cedência: Inputs!$AA$9:$AA$40
Name Data_Lista: Inputs!$B$9:$B$40
Name Index_Z_Preço: Inputs!$C$9:$C$40
Name Index_Z_Prémio: Inputs!$D$9:$D$40
Name Index_Z_SLI: Inputs!$E$9:$E$40
Name Index_A_Preço: Inputs!$F$9:$F$40
Name Index_A_Prémio: Inputs!$G$9:$G$40
Name Index_A_SLI: Inputs!$H$9:$H$40
Name Index_B_Preço: Inputs!$I$9:$I$40
Name Index_B_Prémio: Inputs!$J$9:$J$40
Name Index_B_SLI: Inputs!$K$9:$K$40
Name Index_C_Preço: Inputs!$L$9:$L$40
Name Index_C_Prémio: Inputs!$M$9:$M$40
Name Index_C_SLI: Inputs!$N$9:$N$40
Name Index_D_Preço: Inputs!$O$9:$O$40
Name Index_D_Prémio: Inputs!$P$9:$P$40
Name Index_D_SLI: Inputs!$Q$9:$Q$40
Name Index_TaxaCâmbio: Inputs!$R$9:$R$40
Name Data_Output: Outputs!$C$6
Name Data_Manual: Outputs!$C$7

Sheet Inputs
F5: model://FEED/SERIE_A/HIGH/ALL | I5: model://FEED/SERIE_B/HIGH/ALL | L5: model://FEED/SERIE_C/HIGH/ALL | O5: model://FEED/SERIE_D/HIGH/ALL | R5: model://FX/USD.EUR/MID/ALL
C6: Indexantes
C7: Indexante Z (sem feed) | F7: Indexante A | I7: Indexante B | L7: Indexante C | O7: Indexante D | R7: Câmbio | T7: FUEL | V7: MGO
B8: Data | C8: Preço USD/MT | D8: Prémio USD/MT | E8: SLI's EUR/MT | F8: Preço USD/MT | G8: Prémio USD/MT | H8: SLI's EUR/MT | I8: Preço USD/MT | J8: Prémio USD/MT | K8: SLI's EUR/MT | L8: Preço USD/MT | M8: Prémio USD/MT | N8: SLI's EUR/MT | O8: Preço USD/MT | P8: Prémio USD/MT | Q8: SLI's EUR/MT | R8: Taxa EUR/USD | T8: Porto Norte USD/MT | U8: Porto Sul USD/MT | V8: Porto Norte USD/MT | W8: Porto Sul USD/MT | X8: Prémio Ref. USD/MT | Y8: Desc. Adicional USD/MT | Z8: Margem Alvo EUR/MT | AA8: Cedência EUR/M3
B9: 46216 | F9: =IFERROR(IF(INDEX('Market View'!$1:$1048576,MATCH($B9,'Market View'!$A:$A,0),MATCH(F$5,'Market View'!$1:$1,0))="","",INDEX('Market View'!$1:$1048576,MATCH($B9,'Market View'!$A:$A,0),MATCH(F$5,'Market View'!$1:$1,0))),"") | G9: 12 | H9: 3 | I9: =IFERROR(IF(INDEX('Market View'!$1:$1048576,MATCH($B9,'Market View'!$A:$A,0),MATCH(I$5,'Market View'!$1:$1,0))="","",INDEX('Market View'!$1:$1048576,MATCH($B9,'Market View'!$A:$A,0),MATCH(I$5,'Market View'!$1:$1,0))),"") | J9: 8 | K9: 2 | L9: =IFERROR(IF(INDEX('Market View'!$1:$1048576,MATCH($B9,'Market View'!$A:$A,0),MATCH(L$5,'Market View'!$1:$1,0))="","",INDEX('Market View'!$1:$1048576,MATCH($B9,'Market View'!$A:$A,0),MATCH(L$5,'Market View'!$1:$1,0))),"") | M9: 15 | N9: 3.5 | O9: =IFERROR(IF(INDEX('Market View'!$1:$1048576,MATCH($B9,'Market View'!$A:$A,0),MATCH(O$5,'Market View'!$1:$1,0))="","",INDEX('Market View'!$1:$1048576,MATCH($B9,'Market View'!$A:$A,0),MATCH(O$5,'Market View'!$1:$1,0))),"") | P9: 10 | Q9: 2.5 | R9: =IFERROR(INDEX('Market View'!$1:$1048576,MATCH($B9,'Market View'!$A:$A,0),MATCH(R$5,'Market View'!$1:$1,0)),"") | T9: 32 | U9: 28 | V9: 66 | W9: 60 | X9: 3 | Y9: 0 | Z9: 30 | AA9: 450
B10: 46217 | F10: =IFERROR(IF(INDEX('Market View'!$1:$1048576,MATCH($B10,'Market View'!$A:$A,0),MATCH(F$5,'Market View'!$1:$1,0))="","",INDEX('Market View'!$1:$1048576,MATCH($B10,'Market View'!$A:$A,0),MATCH(F$5,'Market View'!$1:$1,0))),"") | G10: 12 | H10: 3 | I10: =IFERROR(IF(INDEX('Market View'!$1:$1048576,MATCH($B10,'Market View'!$A:$A,0),MATCH(I$5,'Market View'!$1:$1,0))="","",INDEX('Market View'!$1:$1048576,MATCH($B10,'Market View'!$A:$A,0),MATCH(I$5,'Market View'!$1:$1,0))),"") | J10: 8 | K10: 2 | L10: =IFERROR(IF(INDEX('Market View'!$1:$1048576,MATCH($B10,'Market View'!$A:$A,0),MATCH(L$5,'Market View'!$1:$1,0))="","",INDEX('Market View'!$1:$1048576,MATCH($B10,'Market View'!$A:$A,0),MATCH(L$5,'Market View'!$1:$1,0))),"") | M10: 15 | N10: 3.5 | O10: =IFERROR(IF(INDEX('Market View'!$1:$1048576,MATCH($B10,'Market View'!$A:$A,0),MATCH(O$5,'Market View'!$1:$1,0))="","",INDEX('Market View'!$1:$1048576,MATCH($B10,'Market View'!$A:$A,0),MATCH(O$5,'Market View'!$1:$1,0))),"") | P10: 10 | Q10: 2.5 | R10: =IFERROR(INDEX('Market View'!$1:$1048576,MATCH($B10,'Market View'!$A:$A,0),MATCH(R$5,'Market View'!$1:$1,0)),"") | T10: 32 | U10: 28 | V10: 66 | W10: 60 | X10: 3 | Y10: 0 | Z10: 30 | AA10: 450
B11: 46218 | F11: =IFERROR(IF(INDEX('Market View'!$1:$1048576,MATCH($B11,'Market View'!$A:$A,0),MATCH(F$5,'Market View'!$1:$1,0))="","",INDEX('Market View'!$1:$1048576,MATCH($B11,'Market View'!$A:$A,0),MATCH(F$5,'Market View'!$1:$1,0))),"") | G11: 12 | H11: 3 | I11: =IFERROR(IF(INDEX('Market View'!$1:$1048576,MATCH($B11,'Market View'!$A:$A,0),MATCH(I$5,'Market View'!$1:$1,0))="","",INDEX('Market View'!$1:$1048576,MATCH($B11,'Market View'!$A:$A,0),MATCH(I$5,'Market View'!$1:$1,0))),"") | J11: 8 | K11: 2 | L11: =IFERROR(IF(INDEX('Market View'!$1:$1048576,MATCH($B11,'Market View'!$A:$A,0),MATCH(L$5,'Market View'!$1:$1,0))="","",INDEX('Market View'!$1:$1048576,MATCH($B11,'Market View'!$A:$A,0),MATCH(L$5,'Market View'!$1:$1,0))),"") | M11: 15 | N11: 3.5 | O11: =IFERROR(IF(INDEX('Market View'!$1:$1048576,MATCH($B11,'Market View'!$A:$A,0),MATCH(O$5,'Market View'!$1:$1,0))="","",INDEX('Market View'!$1:$1048576,MATCH($B11,'Market View'!$A:$A,0),MATCH(O$5,'Market View'!$1:$1,0))),"") | P11: 10 | Q11: 2.5 | R11: =IFERROR(INDEX('Market View'!$1:$1048576,MATCH($B11,'Market View'!$A:$A,0),MATCH(R$5,'Market View'!$1:$1,0)),"") | T11: 32 | U11: 28 | V11: 66 | W11: 60 | X11: 3 | Y11: 0 | Z11: 30 | AA11: 450
B12: 46219 | F12: 1234.5 | G12: 12 | H12: 3 | I12: =IFERROR(IF(INDEX('Market View'!$1:$1048576,MATCH($B12,'Market View'!$A:$A,0),MATCH(I$5,'Market View'!$1:$1,0))="","",INDEX('Market View'!$1:$1048576,MATCH($B12,'Market View'!$A:$A,0),MATCH(I$5,'Market View'!$1:$1,0))),"") | J12: 8 | K12: 2 | L12: =IFERROR(IF(INDEX('Market View'!$1:$1048576,MATCH($B12,'Market View'!$A:$A,0),MATCH(L$5,'Market View'!$1:$1,0))="","",INDEX('Market View'!$1:$1048576,MATCH($B12,'Market View'!$A:$A,0),MATCH(L$5,'Market View'!$1:$1,0))),"") | M12: 15 | N12: 3.5 | O12: =IFERROR(IF(INDEX('Market View'!$1:$1048576,MATCH($B12,'Market View'!$A:$A,0),MATCH(O$5,'Market View'!$1:$1,0))="","",INDEX('Market View'!$1:$1048576,MATCH($B12,'Market View'!$A:$A,0),MATCH(O$5,'Market View'!$1:$1,0))),"") | P12: 10 | Q12: 2.5 | R12: =IFERROR(INDEX('Market View'!$1:$1048576,MATCH($B12,'Market View'!$A:$A,0),MATCH(R$5,'Market View'!$1:$1,0)),"") | T12: 32 | U12: 28 | V12: 66 | W12: 60 | X12: 3 | Y12: 0 | Z12: 30 | AA12: 450
B13: 46220 | F13: =IFERROR(IF(INDEX('Market View'!$1:$1048576,MATCH($B13,'Market View'!$A:$A,0),MATCH(F$5,'Market View'!$1:$1,0))="","",INDEX('Market View'!$1:$1048576,MATCH($B13,'Market View'!$A:$A,0),MATCH(F$5,'Market View'!$1:$1,0))),"") | G13: 12 | H13: 3 | I13: =IFERROR(IF(INDEX('Market View'!$1:$1048576,MATCH($B13,'Market View'!$A:$A,0),MATCH(I$5,'Market View'!$1:$1,0))="","",INDEX('Market View'!$1:$1048576,MATCH($B13,'Market View'!$A:$A,0),MATCH(I$5,'Market View'!$1:$1,0))),"") | J13: 8 | K13: 2 | L13: =IFERROR(IF(INDEX('Market View'!$1:$1048576,MATCH($B13,'Market View'!$A:$A,0),MATCH(L$5,'Market View'!$1:$1,0))="","",INDEX('Market View'!$1:$1048576,MATCH($B13,'Market View'!$A:$A,0),MATCH(L$5,'Market View'!$1:$1,0))),"") | M13: 15 | N13: 3.5 | O13: =IFERROR(IF(INDEX('Market View'!$1:$1048576,MATCH($B13,'Market View'!$A:$A,0),MATCH(O$5,'Market View'!$1:$1,0))="","",INDEX('Market View'!$1:$1048576,MATCH($B13,'Market View'!$A:$A,0),MATCH(O$5,'Market View'!$1:$1,0))),"") | P13: 10 | Q13: 2.5 | R13: =IFERROR(INDEX('Market View'!$1:$1048576,MATCH($B13,'Market View'!$A:$A,0),MATCH(R$5,'Market View'!$1:$1,0)),"") | T13: 32 | U13: 28 | V13: 66 | W13: 60 | X13: 3 | Y13: 0 | Z13: 30 | AA13: 450
B14: 46221 | F14: =IFERROR(IF(INDEX('Market View'!$1:$1048576,MATCH($B14,'Market View'!$A:$A,0),MATCH(F$5,'Market View'!$1:$1,0))="","",INDEX('Market View'!$1:$1048576,MATCH($B14,'Market View'!$A:$A,0),MATCH(F$5,'Market View'!$1:$1,0))),"") | G14: 12 | H14: 3 | I14: =IFERROR(IF(INDEX('Market View'!$1:$1048576,MATCH($B14,'Market View'!$A:$A,0),MATCH(I$5,'Market View'!$1:$1,0))="","",INDEX('Market View'!$1:$1048576,MATCH($B14,'Market View'!$A:$A,0),MATCH(I$5,'Market View'!$1:$1,0))),"") | J14: 8 | K14: 2 | L14: =IFERROR(IF(INDEX('Market View'!$1:$1048576,MATCH($B14,'Market View'!$A:$A,0),MATCH(L$5,'Market View'!$1:$1,0))="","",INDEX('Market View'!$1:$1048576,MATCH($B14,'Market View'!$A:$A,0),MATCH(L$5,'Market View'!$1:$1,0))),"") | M14: 15 | N14: 3.5 | O14: =IFERROR(IF(INDEX('Market View'!$1:$1048576,MATCH($B14,'Market View'!$A:$A,0),MATCH(O$5,'Market View'!$1:$1,0))="","",INDEX('Market View'!$1:$1048576,MATCH($B14,'Market View'!$A:$A,0),MATCH(O$5,'Market View'!$1:$1,0))),"") | P14: 10 | Q14: 2.5 | R14: =IFERROR(INDEX('Market View'!$1:$1048576,MATCH($B14,'Market View'!$A:$A,0),MATCH(R$5,'Market View'!$1:$1,0)),"") | T14: 32 | U14: 28 | V14: 66 | W14: 60 | X14: 3 | Y14: 0 | Z14: 30 | AA14: 450
B15: 46222 | F15: =IFERROR(IF(INDEX('Market View'!$1:$1048576,MATCH($B15,'Market View'!$A:$A,0),MATCH(F$5,'Market View'!$1:$1,0))="","",INDEX('Market View'!$1:$1048576,MATCH($B15,'Market View'!$A:$A,0),MATCH(F$5,'Market View'!$1:$1,0))),"") | G15: 12 | H15: 3 | I15: =IFERROR(IF(INDEX('Market View'!$1:$1048576,MATCH($B15,'Market View'!$A:$A,0),MATCH(I$5,'Market View'!$1:$1,0))="","",INDEX('Market View'!$1:$1048576,MATCH($B15,'Market View'!$A:$A,0),MATCH(I$5,'Market View'!$1:$1,0))),"") | J15: 8 | K15: 2 | L15: =IFERROR(IF(INDEX('Market View'!$1:$1048576,MATCH($B15,'Market View'!$A:$A,0),MATCH(L$5,'Market View'!$1:$1,0))="","",INDEX('Market View'!$1:$1048576,MATCH($B15,'Market View'!$A:$A,0),MATCH(L$5,'Market View'!$1:$1,0))),"") | M15: 15 | N15: 3.5 | O15: =IFERROR(IF(INDEX('Market View'!$1:$1048576,MATCH($B15,'Market View'!$A:$A,0),MATCH(O$5,'Market View'!$1:$1,0))="","",INDEX('Market View'!$1:$1048576,MATCH($B15,'Market View'!$A:$A,0),MATCH(O$5,'Market View'!$1:$1,0))),"") | P15: 10 | Q15: 2.5 | R15: =IFERROR(INDEX('Market View'!$1:$1048576,MATCH($B15,'Market View'!$A:$A,0),MATCH(R$5,'Market View'!$1:$1,0)),"") | T15: 32 | U15: 28 | V15: 66 | W15: 60 | X15: 3 | Y15: 0 | Z15: 30 | AA15: 450
B16: 46223 | F16: =IFERROR(IF(INDEX('Market View'!$1:$1048576,MATCH($B16,'Market View'!$A:$A,0),MATCH(F$5,'Market View'!$1:$1,0))="","",INDEX('Market View'!$1:$1048576,MATCH($B16,'Market View'!$A:$A,0),MATCH(F$5,'Market View'!$1:$1,0))),"") | G16: 12 | H16: 3 | I16: =IFERROR(IF(INDEX('Market View'!$1:$1048576,MATCH($B16,'Market View'!$A:$A,0),MATCH(I$5,'Market View'!$1:$1,0))="","",INDEX('Market View'!$1:$1048576,MATCH($B16,'Market View'!$A:$A,0),MATCH(I$5,'Market View'!$1:$1,0))),"") | J16: 8 | K16: 2 | L16: =IFERROR(IF(INDEX('Market View'!$1:$1048576,MATCH($B16,'Market View'!$A:$A,0),MATCH(L$5,'Market View'!$1:$1,0))="","",INDEX('Market View'!$1:$1048576,MATCH($B16,'Market View'!$A:$A,0),MATCH(L$5,'Market View'!$1:$1,0))),"") | M16: 15 | N16: 3.5 | O16: =IFERROR(IF(INDEX('Market View'!$1:$1048576,MATCH($B16,'Market View'!$A:$A,0),MATCH(O$5,'Market View'!$1:$1,0))="","",INDEX('Market View'!$1:$1048576,MATCH($B16,'Market View'!$A:$A,0),MATCH(O$5,'Market View'!$1:$1,0))),"") | P16: 10 | Q16: 2.5 | R16: =IFERROR(INDEX('Market View'!$1:$1048576,MATCH($B16,'Market View'!$A:$A,0),MATCH(R$5,'Market View'!$1:$1,0)),"") | T16: 32 | U16: 28 | V16: 66 | W16: 60 | X16: 3 | Y16: 0 | Z16: 30 | AA16: 450
B17: 46224 | F17: =IFERROR(IF(INDEX('Market View'!$1:$1048576,MATCH($B17,'Market View'!$A:$A,0),MATCH(F$5,'Market View'!$1:$1,0))="","",INDEX('Market View'!$1:$1048576,MATCH($B17,'Market View'!$A:$A,0),MATCH(F$5,'Market View'!$1:$1,0))),"") | G17: 12 | H17: 3 | I17: =IFERROR(IF(INDEX('Market View'!$1:$1048576,MATCH($B17,'Market View'!$A:$A,0),MATCH(I$5,'Market View'!$1:$1,0))="","",INDEX('Market View'!$1:$1048576,MATCH($B17,'Market View'!$A:$A,0),MATCH(I$5,'Market View'!$1:$1,0))),"") | J17: 8 | K17: 2 | L17: =IFERROR(IF(INDEX('Market View'!$1:$1048576,MATCH($B17,'Market View'!$A:$A,0),MATCH(L$5,'Market View'!$1:$1,0))="","",INDEX('Market View'!$1:$1048576,MATCH($B17,'Market View'!$A:$A,0),MATCH(L$5,'Market View'!$1:$1,0))),"") | M17: 15 | N17: 3.5 | O17: =IFERROR(IF(INDEX('Market View'!$1:$1048576,MATCH($B17,'Market View'!$A:$A,0),MATCH(O$5,'Market View'!$1:$1,0))="","",INDEX('Market View'!$1:$1048576,MATCH($B17,'Market View'!$A:$A,0),MATCH(O$5,'Market View'!$1:$1,0))),"") | P17: 10 | Q17: 2.5 | R17: =IFERROR(INDEX('Market View'!$1:$1048576,MATCH($B17,'Market View'!$A:$A,0),MATCH(R$5,'Market View'!$1:$1,0)),"") | T17: 32 | U17: 28 | V17: 66 | W17: 60 | X17: 3 | Y17: 0 | Z17: 30 | AA17: 450
B18: 46225 | F18: =F17+10 | G18: 12 | H18: 3 | I18: =IFERROR(IF(INDEX('Market View'!$1:$1048576,MATCH($B18,'Market View'!$A:$A,0),MATCH(I$5,'Market View'!$1:$1,0))="","",INDEX('Market View'!$1:$1048576,MATCH($B18,'Market View'!$A:$A,0),MATCH(I$5,'Market View'!$1:$1,0))),"") | J18: 8 | K18: 2 | L18: =IFERROR(IF(INDEX('Market View'!$1:$1048576,MATCH($B18,'Market View'!$A:$A,0),MATCH(L$5,'Market View'!$1:$1,0))="","",INDEX('Market View'!$1:$1048576,MATCH($B18,'Market View'!$A:$A,0),MATCH(L$5,'Market View'!$1:$1,0))),"") | M18: 15 | N18: 3.5 | O18: =IFERROR(IF(INDEX('Market View'!$1:$1048576,MATCH($B18,'Market View'!$A:$A,0),MATCH(O$5,'Market View'!$1:$1,0))="","",INDEX('Market View'!$1:$1048576,MATCH($B18,'Market View'!$A:$A,0),MATCH(O$5,'Market View'!$1:$1,0))),"") | P18: 10 | Q18: 2.5 | R18: =IFERROR(INDEX('Market View'!$1:$1048576,MATCH($B18,'Market View'!$A:$A,0),MATCH(R$5,'Market View'!$1:$1,0)),"") | T18: 32 | U18: 28 | V18: 66 | W18: 60 | X18: 3 | Y18: 0 | Z18: 30 | AA18: 450
B19: 46226 | F19: =IFERROR(IF(INDEX('Market View'!$1:$1048576,MATCH($B19,'Market View'!$A:$A,0),MATCH(F$5,'Market View'!$1:$1,0))="","",INDEX('Market View'!$1:$1048576,MATCH($B19,'Market View'!$A:$A,0),MATCH(F$5,'Market View'!$1:$1,0))),"") | G19: 12 | H19: 3 | I19: =IFERROR(IF(INDEX('Market View'!$1:$1048576,MATCH($B19,'Market View'!$A:$A,0),MATCH(I$5,'Market View'!$1:$1,0))="","",INDEX('Market View'!$1:$1048576,MATCH($B19,'Market View'!$A:$A,0),MATCH(I$5,'Market View'!$1:$1,0))),"") | J19: 8 | K19: 2 | L19: =IFERROR(IF(INDEX('Market View'!$1:$1048576,MATCH($B19,'Market View'!$A:$A,0),MATCH(L$5,'Market View'!$1:$1,0))="","",INDEX('Market View'!$1:$1048576,MATCH($B19,'Market View'!$A:$A,0),MATCH(L$5,'Market View'!$1:$1,0))),"") | M19: 15 | N19: 3.5 | O19: =IFERROR(IF(INDEX('Market View'!$1:$1048576,MATCH($B19,'Market View'!$A:$A,0),MATCH(O$5,'Market View'!$1:$1,0))="","",INDEX('Market View'!$1:$1048576,MATCH($B19,'Market View'!$A:$A,0),MATCH(O$5,'Market View'!$1:$1,0))),"") | P19: 10 | Q19: 2.5 | R19: =IFERROR(INDEX('Market View'!$1:$1048576,MATCH($B19,'Market View'!$A:$A,0),MATCH(R$5,'Market View'!$1:$1,0)),"") | T19: 32 | U19: 28 | V19: 66 | W19: 60 | X19: 3 | Y19: 0 | Z19: 30 | AA19: 450
B20: 46227 | F20: =IFERROR(IF(INDEX('Market View'!$1:$1048576,MATCH($B20,'Market View'!$A:$A,0),MATCH(F$5,'Market View'!$1:$1,0))="","",INDEX('Market View'!$1:$1048576,MATCH($B20,'Market View'!$A:$A,0),MATCH(F$5,'Market View'!$1:$1,0))),"") | G20: 12 | H20: 3 | I20: =IFERROR(IF(INDEX('Market View'!$1:$1048576,MATCH($B20,'Market View'!$A:$A,0),MATCH(I$5,'Market View'!$1:$1,0))="","",INDEX('Market View'!$1:$1048576,MATCH($B20,'Market View'!$A:$A,0),MATCH(I$5,'Market View'!$1:$1,0))),"") | J20: 8 | K20: 2 | L20: =IFERROR(IF(INDEX('Market View'!$1:$1048576,MATCH($B20,'Market View'!$A:$A,0),MATCH(L$5,'Market View'!$1:$1,0))="","",INDEX('Market View'!$1:$1048576,MATCH($B20,'Market View'!$A:$A,0),MATCH(L$5,'Market View'!$1:$1,0))),"") | M20: 15 | N20: 3.5 | O20: =IFERROR(IF(INDEX('Market View'!$1:$1048576,MATCH($B20,'Market View'!$A:$A,0),MATCH(O$5,'Market View'!$1:$1,0))="","",INDEX('Market View'!$1:$1048576,MATCH($B20,'Market View'!$A:$A,0),MATCH(O$5,'Market View'!$1:$1,0))),"") | P20: 10 | Q20: 2.5 | R20: =IFERROR(INDEX('Market View'!$1:$1048576,MATCH($B20,'Market View'!$A:$A,0),MATCH(R$5,'Market View'!$1:$1,0)),"") | T20: 32 | U20: 28 | V20: 66 | W20: 60 | X20: 3 | Y20: 0 | Z20: 30 | AA20: 450
B21: 46228 | F21: =IFERROR(IF(INDEX('Market View'!$1:$1048576,MATCH($B21,'Market View'!$A:$A,0),MATCH(F$5,'Market View'!$1:$1,0))="","",INDEX('Market View'!$1:$1048576,MATCH($B21,'Market View'!$A:$A,0),MATCH(F$5,'Market View'!$1:$1,0))),"") | G21: 12 | H21: 3 | I21: =IFERROR(IF(INDEX('Market View'!$1:$1048576,MATCH($B21,'Market View'!$A:$A,0),MATCH(I$5,'Market View'!$1:$1,0))="","",INDEX('Market View'!$1:$1048576,MATCH($B21,'Market View'!$A:$A,0),MATCH(I$5,'Market View'!$1:$1,0))),"") | J21: 8 | K21: 2 | L21: =IFERROR(IF(INDEX('Market View'!$1:$1048576,MATCH($B21,'Market View'!$A:$A,0),MATCH(L$5,'Market View'!$1:$1,0))="","",INDEX('Market View'!$1:$1048576,MATCH($B21,'Market View'!$A:$A,0),MATCH(L$5,'Market View'!$1:$1,0))),"") | M21: 15 | N21: 3.5 | O21: =IFERROR(IF(INDEX('Market View'!$1:$1048576,MATCH($B21,'Market View'!$A:$A,0),MATCH(O$5,'Market View'!$1:$1,0))="","",INDEX('Market View'!$1:$1048576,MATCH($B21,'Market View'!$A:$A,0),MATCH(O$5,'Market View'!$1:$1,0))),"") | P21: 10 | Q21: 2.5 | R21: =IFERROR(INDEX('Market View'!$1:$1048576,MATCH($B21,'Market View'!$A:$A,0),MATCH(R$5,'Market View'!$1:$1,0)),"") | T21: 32 | U21: 28 | V21: 66 | W21: 60 | X21: 3 | Y21: 0 | Z21: 30 | AA21: 450
B22: 46229 | F22: =IFERROR(IF(INDEX('Market View'!$1:$1048576,MATCH($B22,'Market View'!$A:$A,0),MATCH(F$5,'Market View'!$1:$1,0))="","",INDEX('Market View'!$1:$1048576,MATCH($B22,'Market View'!$A:$A,0),MATCH(F$5,'Market View'!$1:$1,0))),"") | G22: 12 | H22: 3 | I22: =IFERROR(IF(INDEX('Market View'!$1:$1048576,MATCH($B22,'Market View'!$A:$A,0),MATCH(I$5,'Market View'!$1:$1,0))="","",INDEX('Market View'!$1:$1048576,MATCH($B22,'Market View'!$A:$A,0),MATCH(I$5,'Market View'!$1:$1,0))),"") | J22: 8 | K22: 2 | L22: =IFERROR(IF(INDEX('Market View'!$1:$1048576,MATCH($B22,'Market View'!$A:$A,0),MATCH(L$5,'Market View'!$1:$1,0))="","",INDEX('Market View'!$1:$1048576,MATCH($B22,'Market View'!$A:$A,0),MATCH(L$5,'Market View'!$1:$1,0))),"") | M22: 15 | N22: 3.5 | O22: =IFERROR(IF(INDEX('Market View'!$1:$1048576,MATCH($B22,'Market View'!$A:$A,0),MATCH(O$5,'Market View'!$1:$1,0))="","",INDEX('Market View'!$1:$1048576,MATCH($B22,'Market View'!$A:$A,0),MATCH(O$5,'Market View'!$1:$1,0))),"") | P22: 10 | Q22: 2.5 | R22: =IFERROR(INDEX('Market View'!$1:$1048576,MATCH($B22,'Market View'!$A:$A,0),MATCH(R$5,'Market View'!$1:$1,0)),"") | T22: 32 | U22: 28 | V22: 66 | W22: 60 | X22: 3 | Y22: 0 | Z22: 30 | AA22: 450
B23: 46230 | F23: =IFERROR(IF(INDEX('Market View'!$1:$1048576,MATCH($B23,'Market View'!$A:$A,0),MATCH(F$5,'Market View'!$1:$1,0))="","",INDEX('Market View'!$1:$1048576,MATCH($B23,'Market View'!$A:$A,0),MATCH(F$5,'Market View'!$1:$1,0))),"") | G23: 12 | H23: 3 | I23: =IFERROR(IF(INDEX('Market View'!$1:$1048576,MATCH($B23,'Market View'!$A:$A,0),MATCH(I$5,'Market View'!$1:$1,0))="","",INDEX('Market View'!$1:$1048576,MATCH($B23,'Market View'!$A:$A,0),MATCH(I$5,'Market View'!$1:$1,0))),"") | J23: 8 | K23: 2 | L23: =IFERROR(IF(INDEX('Market View'!$1:$1048576,MATCH($B23,'Market View'!$A:$A,0),MATCH(L$5,'Market View'!$1:$1,0))="","",INDEX('Market View'!$1:$1048576,MATCH($B23,'Market View'!$A:$A,0),MATCH(L$5,'Market View'!$1:$1,0))),"") | M23: 15 | N23: 3.5 | O23: =IFERROR(IF(INDEX('Market View'!$1:$1048576,MATCH($B23,'Market View'!$A:$A,0),MATCH(O$5,'Market View'!$1:$1,0))="","",INDEX('Market View'!$1:$1048576,MATCH($B23,'Market View'!$A:$A,0),MATCH(O$5,'Market View'!$1:$1,0))),"") | P23: 10 | Q23: 2.5 | R23: =IFERROR(INDEX('Market View'!$1:$1048576,MATCH($B23,'Market View'!$A:$A,0),MATCH(R$5,'Market View'!$1:$1,0)),"") | T23: 32 | U23: 28 | V23: 66 | W23: 60 | X23: 3 | Y23: 0 | Z23: 30 | AA23: 450
B24: 46231 | F24: =IFERROR(IF(INDEX('Market View'!$1:$1048576,MATCH($B24,'Market View'!$A:$A,0),MATCH(F$5,'Market View'!$1:$1,0))="","",INDEX('Market View'!$1:$1048576,MATCH($B24,'Market View'!$A:$A,0),MATCH(F$5,'Market View'!$1:$1,0))),"") | G24: 12 | H24: 3 | I24: =IFERROR(IF(INDEX('Market View'!$1:$1048576,MATCH($B24,'Market View'!$A:$A,0),MATCH(I$5,'Market View'!$1:$1,0))="","",INDEX('Market View'!$1:$1048576,MATCH($B24,'Market View'!$A:$A,0),MATCH(I$5,'Market View'!$1:$1,0))),"") | J24: 8 | K24: 2 | L24: =IFERROR(IF(INDEX('Market View'!$1:$1048576,MATCH($B24,'Market View'!$A:$A,0),MATCH(L$5,'Market View'!$1:$1,0))="","",INDEX('Market View'!$1:$1048576,MATCH($B24,'Market View'!$A:$A,0),MATCH(L$5,'Market View'!$1:$1,0))),"") | M24: 15 | N24: 3.5 | O24: =IFERROR(IF(INDEX('Market View'!$1:$1048576,MATCH($B24,'Market View'!$A:$A,0),MATCH(O$5,'Market View'!$1:$1,0))="","",INDEX('Market View'!$1:$1048576,MATCH($B24,'Market View'!$A:$A,0),MATCH(O$5,'Market View'!$1:$1,0))),"") | P24: 10 | Q24: 2.5 | R24: =IFERROR(INDEX('Market View'!$1:$1048576,MATCH($B24,'Market View'!$A:$A,0),MATCH(R$5,'Market View'!$1:$1,0)),"") | T24: 32 | U24: 28 | V24: 66 | W24: 60 | X24: 3 | Y24: 0 | Z24: 30 | AA24: 450
B25: 46232 | F25: =IFERROR(IF(INDEX('Market View'!$1:$1048576,MATCH($B25,'Market View'!$A:$A,0),MATCH(F$5,'Market View'!$1:$1,0))="","",INDEX('Market View'!$1:$1048576,MATCH($B25,'Market View'!$A:$A,0),MATCH(F$5,'Market View'!$1:$1,0))),"") | G25: 12 | H25: 3 | I25: =IFERROR(IF(INDEX('Market View'!$1:$1048576,MATCH($B25,'Market View'!$A:$A,0),MATCH(I$5,'Market View'!$1:$1,0))="","",INDEX('Market View'!$1:$1048576,MATCH($B25,'Market View'!$A:$A,0),MATCH(I$5,'Market View'!$1:$1,0))),"") | J25: 8 | K25: 2 | L25: =IFERROR(IF(INDEX('Market View'!$1:$1048576,MATCH($B25,'Market View'!$A:$A,0),MATCH(L$5,'Market View'!$1:$1,0))="","",INDEX('Market View'!$1:$1048576,MATCH($B25,'Market View'!$A:$A,0),MATCH(L$5,'Market View'!$1:$1,0))),"") | M25: 15 | N25: 3.5 | O25: =IFERROR(IF(INDEX('Market View'!$1:$1048576,MATCH($B25,'Market View'!$A:$A,0),MATCH(O$5,'Market View'!$1:$1,0))="","",INDEX('Market View'!$1:$1048576,MATCH($B25,'Market View'!$A:$A,0),MATCH(O$5,'Market View'!$1:$1,0))),"") | P25: 10 | Q25: 2.5 | R25: =IFERROR(INDEX('Market View'!$1:$1048576,MATCH($B25,'Market View'!$A:$A,0),MATCH(R$5,'Market View'!$1:$1,0)),"") | T25: 32 | U25: 28 | V25: 66 | W25: 60 | X25: 3 | Y25: 0 | Z25: 30 | AA25: 450
B26: 46233 | F26: =IFERROR(IF(INDEX('Market View'!$1:$1048576,MATCH($B26,'Market View'!$A:$A,0),MATCH(F$5,'Market View'!$1:$1,0))="","",INDEX('Market View'!$1:$1048576,MATCH($B26,'Market View'!$A:$A,0),MATCH(F$5,'Market View'!$1:$1,0))),"") | G26: 12 | H26: 3 | I26: =IFERROR(IF(INDEX('Market View'!$1:$1048576,MATCH($B26,'Market View'!$A:$A,0),MATCH(I$5,'Market View'!$1:$1,0))="","",INDEX('Market View'!$1:$1048576,MATCH($B26,'Market View'!$A:$A,0),MATCH(I$5,'Market View'!$1:$1,0))),"") | J26: 8 | K26: 2 | L26: =IFERROR(IF(INDEX('Market View'!$1:$1048576,MATCH($B26,'Market View'!$A:$A,0),MATCH(L$5,'Market View'!$1:$1,0))="","",INDEX('Market View'!$1:$1048576,MATCH($B26,'Market View'!$A:$A,0),MATCH(L$5,'Market View'!$1:$1,0))),"") | M26: 15 | N26: 3.5 | O26: =IFERROR(IF(INDEX('Market View'!$1:$1048576,MATCH($B26,'Market View'!$A:$A,0),MATCH(O$5,'Market View'!$1:$1,0))="","",INDEX('Market View'!$1:$1048576,MATCH($B26,'Market View'!$A:$A,0),MATCH(O$5,'Market View'!$1:$1,0))),"") | P26: 10 | Q26: 2.5 | R26: =IFERROR(INDEX('Market View'!$1:$1048576,MATCH($B26,'Market View'!$A:$A,0),MATCH(R$5,'Market View'!$1:$1,0)),"") | T26: 32 | U26: 28 | V26: 66 | W26: 60 | X26: 3 | Y26: 0 | Z26: 30 | AA26: 450
B27: 46234 | F27: =IFERROR(IF(INDEX('Market View'!$1:$1048576,MATCH($B27,'Market View'!$A:$A,0),MATCH(F$5,'Market View'!$1:$1,0))="","",INDEX('Market View'!$1:$1048576,MATCH($B27,'Market View'!$A:$A,0),MATCH(F$5,'Market View'!$1:$1,0))),"") | G27: 12 | H27: 3 | I27: =IFERROR(IF(INDEX('Market View'!$1:$1048576,MATCH($B27,'Market View'!$A:$A,0),MATCH(I$5,'Market View'!$1:$1,0))="","",INDEX('Market View'!$1:$1048576,MATCH($B27,'Market View'!$A:$A,0),MATCH(I$5,'Market View'!$1:$1,0))),"") | J27: 8 | K27: 2 | L27: =IFERROR(IF(INDEX('Market View'!$1:$1048576,MATCH($B27,'Market View'!$A:$A,0),MATCH(L$5,'Market View'!$1:$1,0))="","",INDEX('Market View'!$1:$1048576,MATCH($B27,'Market View'!$A:$A,0),MATCH(L$5,'Market View'!$1:$1,0))),"") | M27: 15 | N27: 3.5 | O27: =IFERROR(IF(INDEX('Market View'!$1:$1048576,MATCH($B27,'Market View'!$A:$A,0),MATCH(O$5,'Market View'!$1:$1,0))="","",INDEX('Market View'!$1:$1048576,MATCH($B27,'Market View'!$A:$A,0),MATCH(O$5,'Market View'!$1:$1,0))),"") | P27: 10 | Q27: 2.5 | R27: =IFERROR(INDEX('Market View'!$1:$1048576,MATCH($B27,'Market View'!$A:$A,0),MATCH(R$5,'Market View'!$1:$1,0)),"") | T27: 32 | U27: 28 | V27: 66 | W27: 60 | X27: 3 | Y27: 0 | Z27: 30 | AA27: 450
B28: 46235 | F28: =IFERROR(IF(INDEX('Market View'!$1:$1048576,MATCH($B28,'Market View'!$A:$A,0),MATCH(F$5,'Market View'!$1:$1,0))="","",INDEX('Market View'!$1:$1048576,MATCH($B28,'Market View'!$A:$A,0),MATCH(F$5,'Market View'!$1:$1,0))),"") | G28: 12 | H28: 3 | I28: =IFERROR(IF(INDEX('Market View'!$1:$1048576,MATCH($B28,'Market View'!$A:$A,0),MATCH(I$5,'Market View'!$1:$1,0))="","",INDEX('Market View'!$1:$1048576,MATCH($B28,'Market View'!$A:$A,0),MATCH(I$5,'Market View'!$1:$1,0))),"") | J28: 8 | K28: 2 | L28: =IFERROR(IF(INDEX('Market View'!$1:$1048576,MATCH($B28,'Market View'!$A:$A,0),MATCH(L$5,'Market View'!$1:$1,0))="","",INDEX('Market View'!$1:$1048576,MATCH($B28,'Market View'!$A:$A,0),MATCH(L$5,'Market View'!$1:$1,0))),"") | M28: 15 | N28: 3.5 | O28: =IFERROR(IF(INDEX('Market View'!$1:$1048576,MATCH($B28,'Market View'!$A:$A,0),MATCH(O$5,'Market View'!$1:$1,0))="","",INDEX('Market View'!$1:$1048576,MATCH($B28,'Market View'!$A:$A,0),MATCH(O$5,'Market View'!$1:$1,0))),"") | P28: 10 | Q28: 2.5 | R28: =IFERROR(INDEX('Market View'!$1:$1048576,MATCH($B28,'Market View'!$A:$A,0),MATCH(R$5,'Market View'!$1:$1,0)),"") | T28: 32 | U28: 28 | V28: 66 | W28: 60 | X28: 3 | Y28: 0 | Z28: 30 | AA28: 450
B29: 46236 | F29: =IFERROR(IF(INDEX('Market View'!$1:$1048576,MATCH($B29,'Market View'!$A:$A,0),MATCH(F$5,'Market View'!$1:$1,0))="","",INDEX('Market View'!$1:$1048576,MATCH($B29,'Market View'!$A:$A,0),MATCH(F$5,'Market View'!$1:$1,0))),"") | G29: 12 | H29: 3 | I29: =IFERROR(IF(INDEX('Market View'!$1:$1048576,MATCH($B29,'Market View'!$A:$A,0),MATCH(I$5,'Market View'!$1:$1,0))="","",INDEX('Market View'!$1:$1048576,MATCH($B29,'Market View'!$A:$A,0),MATCH(I$5,'Market View'!$1:$1,0))),"") | J29: 8 | K29: 2 | L29: =IFERROR(IF(INDEX('Market View'!$1:$1048576,MATCH($B29,'Market View'!$A:$A,0),MATCH(L$5,'Market View'!$1:$1,0))="","",INDEX('Market View'!$1:$1048576,MATCH($B29,'Market View'!$A:$A,0),MATCH(L$5,'Market View'!$1:$1,0))),"") | M29: 15 | N29: 3.5 | O29: =IFERROR(IF(INDEX('Market View'!$1:$1048576,MATCH($B29,'Market View'!$A:$A,0),MATCH(O$5,'Market View'!$1:$1,0))="","",INDEX('Market View'!$1:$1048576,MATCH($B29,'Market View'!$A:$A,0),MATCH(O$5,'Market View'!$1:$1,0))),"") | P29: 10 | Q29: 2.5 | R29: =IFERROR(INDEX('Market View'!$1:$1048576,MATCH($B29,'Market View'!$A:$A,0),MATCH(R$5,'Market View'!$1:$1,0)),"") | T29: 32 | U29: 28 | V29: 66 | W29: 60 | X29: 3 | Y29: 0 | Z29: 30 | AA29: 450
B30: 46237 | F30: =IFERROR(IF(INDEX('Market View'!$1:$1048576,MATCH($B30,'Market View'!$A:$A,0),MATCH(F$5,'Market View'!$1:$1,0))="","",INDEX('Market View'!$1:$1048576,MATCH($B30,'Market View'!$A:$A,0),MATCH(F$5,'Market View'!$1:$1,0))),"") | G30: 12 | H30: 3 | I30: =IFERROR(IF(INDEX('Market View'!$1:$1048576,MATCH($B30,'Market View'!$A:$A,0),MATCH(I$5,'Market View'!$1:$1,0))="","",INDEX('Market View'!$1:$1048576,MATCH($B30,'Market View'!$A:$A,0),MATCH(I$5,'Market View'!$1:$1,0))),"") | J30: 8 | K30: 2 | L30: =IFERROR(IF(INDEX('Market View'!$1:$1048576,MATCH($B30,'Market View'!$A:$A,0),MATCH(L$5,'Market View'!$1:$1,0))="","",INDEX('Market View'!$1:$1048576,MATCH($B30,'Market View'!$A:$A,0),MATCH(L$5,'Market View'!$1:$1,0))),"") | M30: 15 | N30: 3.5 | O30: =IFERROR(IF(INDEX('Market View'!$1:$1048576,MATCH($B30,'Market View'!$A:$A,0),MATCH(O$5,'Market View'!$1:$1,0))="","",INDEX('Market View'!$1:$1048576,MATCH($B30,'Market View'!$A:$A,0),MATCH(O$5,'Market View'!$1:$1,0))),"") | P30: 10 | Q30: 2.5 | R30: =IFERROR(INDEX('Market View'!$1:$1048576,MATCH($B30,'Market View'!$A:$A,0),MATCH(R$5,'Market View'!$1:$1,0)),"") | T30: 32 | U30: 28 | V30: 66 | W30: 60 | X30: 3 | Y30: 0 | Z30: 30 | AA30: 450
... B36: 46243 | F36: =IFERROR(IF(INDEX('Market View'!$1:$1048576,MATCH($B36,'Market View'!$A:$A,0),MATCH(F$5,'Market View'!$1:$1,0))="","",INDEX('Market View'!$1:$1048576,MATCH($B36,'Market View'!$A:$A,0),MATCH(F$5,'Market View'!$1:$1,0))),"") | G36: 12 | H36: 3 | I36: =IFERROR(IF(INDEX('Market View'!$1:$1048576,MATCH($B36,'Market View'!$A:$A,0),MATCH(I$5,'Market View'!$1:$1,0))="","",INDEX('Market View'!$1:$1048576,MATCH($B36,'Market View'!$A:$A,0),MATCH(I$5,'Market View'!$1:$1,0))),"") | J36: 8 | K36: 2 | L36: =IFERROR(IF(INDEX('Market View'!$1:$1048576,MATCH($B36,'Market View'!$A:$A,0),MATCH(L$5,'Market View'!$1:$1,0))="","",INDEX('Market View'!$1:$1048576,MATCH($B36,'Market View'!$A:$A,0),MATCH(L$5,'Market View'!$1:$1,0))),"") | M36: 15 | N36: 3.5 | O36: =IFERROR(IF(INDEX('Market View'!$1:$1048576,MATCH($B36,'Market View'!$A:$A,0),MATCH(O$5,'Market View'!$1:$1,0))="","",INDEX('Market View'!$1:$1048576,MATCH($B36,'Market View'!$A:$A,0),MATCH(O$5,'Market View'!$1:$1,0))),"") | P36: 10 | Q36: 2.5 | R36: =IFERROR(INDEX('Market View'!$1:$1048576,MATCH($B36,'Market View'!$A:$A,0),MATCH(R$5,'Market View'!$1:$1,0)),"") | T36: 32 | U36: 28 | V36: 66 | W36: 60 | X36: 3 | Y36: 0 | Z36: 30 | AA36: 450
B37: 46244 | F37: =F34 | G37: 12 | H37: 3 | I37: =I34 | J37: 8 | K37: 2 | L37: =L34 | M37: 15 | N37: 3.5 | O37: =O34 | P37: 10 | Q37: 2.5 | R37: =R34 | T37: 32 | U37: 28 | V37: 66 | W37: 60 | X37: 3 | Y37: 0 | Z37: 30 | AA37: 450
B38: 46245 | F38: =IFERROR(IF(INDEX('Market View'!$1:$1048576,MATCH($B38,'Market View'!$A:$A,0),MATCH(F$5,'Market View'!$1:$1,0))="","",INDEX('Market View'!$1:$1048576,MATCH($B38,'Market View'!$A:$A,0),MATCH(F$5,'Market View'!$1:$1,0))),"") | G38: 12 | H38: 3 | I38: =IFERROR(IF(INDEX('Market View'!$1:$1048576,MATCH($B38,'Market View'!$A:$A,0),MATCH(I$5,'Market View'!$1:$1,0))="","",INDEX('Market View'!$1:$1048576,MATCH($B38,'Market View'!$A:$A,0),MATCH(I$5,'Market View'!$1:$1,0))),"") | J38: 8 | K38: 2 | L38: =IFERROR(IF(INDEX('Market View'!$1:$1048576,MATCH($B38,'Market View'!$A:$A,0),MATCH(L$5,'Market View'!$1:$1,0))="","",INDEX('Market View'!$1:$1048576,MATCH($B38,'Market View'!$A:$A,0),MATCH(L$5,'Market View'!$1:$1,0))),"") | M38: 15 | N38: 3.5 | O38: =IFERROR(IF(INDEX('Market View'!$1:$1048576,MATCH($B38,'Market View'!$A:$A,0),MATCH(O$5,'Market View'!$1:$1,0))="","",INDEX('Market View'!$1:$1048576,MATCH($B38,'Market View'!$A:$A,0),MATCH(O$5,'Market View'!$1:$1,0))),"") | P38: 10 | Q38: 2.5 | R38: =IFERROR(INDEX('Market View'!$1:$1048576,MATCH($B38,'Market View'!$A:$A,0),MATCH(R$5,'Market View'!$1:$1,0)),"") | T38: 32 | U38: 28 | V38: 66 | W38: 60 | X38: 3 | Y38: 0 | Z38: 30 | AA38: 450
B39: 46246 | F39: =IFERROR(IF(INDEX('Market View'!$1:$1048576,MATCH($B39,'Market View'!$A:$A,0),MATCH(F$5,'Market View'!$1:$1,0))="","",INDEX('Market View'!$1:$1048576,MATCH($B39,'Market View'!$A:$A,0),MATCH(F$5,'Market View'!$1:$1,0))),"") | G39: 12 | H39: 3 | I39: =IFERROR(IF(INDEX('Market View'!$1:$1048576,MATCH($B39,'Market View'!$A:$A,0),MATCH(I$5,'Market View'!$1:$1,0))="","",INDEX('Market View'!$1:$1048576,MATCH($B39,'Market View'!$A:$A,0),MATCH(I$5,'Market View'!$1:$1,0))),"") | J39: 8 | K39: 2 | L39: =IFERROR(IF(INDEX('Market View'!$1:$1048576,MATCH($B39,'Market View'!$A:$A,0),MATCH(L$5,'Market View'!$1:$1,0))="","",INDEX('Market View'!$1:$1048576,MATCH($B39,'Market View'!$A:$A,0),MATCH(L$5,'Market View'!$1:$1,0))),"") | M39: 15 | N39: 3.5 | O39: =IFERROR(IF(INDEX('Market View'!$1:$1048576,MATCH($B39,'Market View'!$A:$A,0),MATCH(O$5,'Market View'!$1:$1,0))="","",INDEX('Market View'!$1:$1048576,MATCH($B39,'Market View'!$A:$A,0),MATCH(O$5,'Market View'!$1:$1,0))),"") | P39: 10 | Q39: 2.5 | R39: =IFERROR(INDEX('Market View'!$1:$1048576,MATCH($B39,'Market View'!$A:$A,0),MATCH(R$5,'Market View'!$1:$1,0)),"") | T39: 32 | U39: 28 | V39: 66 | W39: 60 | X39: 3 | Y39: 0 | Z39: 30 | AA39: 450
B40: 46247 | F40: =IFERROR(IF(INDEX('Market View'!$1:$1048576,MATCH($B40,'Market View'!$A:$A,0),MATCH(F$5,'Market View'!$1:$1,0))="","",INDEX('Market View'!$1:$1048576,MATCH($B40,'Market View'!$A:$A,0),MATCH(F$5,'Market View'!$1:$1,0))),"") | G40: 12 | H40: 3 | I40: =IFERROR(IF(INDEX('Market View'!$1:$1048576,MATCH($B40,'Market View'!$A:$A,0),MATCH(I$5,'Market View'!$1:$1,0))="","",INDEX('Market View'!$1:$1048576,MATCH($B40,'Market View'!$A:$A,0),MATCH(I$5,'Market View'!$1:$1,0))),"") | J40: 8 | K40: 2 | L40: =IFERROR(IF(INDEX('Market View'!$1:$1048576,MATCH($B40,'Market View'!$A:$A,0),MATCH(L$5,'Market View'!$1:$1,0))="","",INDEX('Market View'!$1:$1048576,MATCH($B40,'Market View'!$A:$A,0),MATCH(L$5,'Market View'!$1:$1,0))),"") | M40: 15 | N40: 3.5 | O40: =IFERROR(IF(INDEX('Market View'!$1:$1048576,MATCH($B40,'Market View'!$A:$A,0),MATCH(O$5,'Market View'!$1:$1,0))="","",INDEX('Market View'!$1:$1048576,MATCH($B40,'Market View'!$A:$A,0),MATCH(O$5,'Market View'!$1:$1,0))),"") | P40: 10 | Q40: 2.5 | R40: =IFERROR(INDEX('Market View'!$1:$1048576,MATCH($B40,'Market View'!$A:$A,0),MATCH(R$5,'Market View'!$1:$1,0)),"") | T40: 32 | U40: 28 | V40: 66 | W40: 60 | X40: 3 | Y40: 0 | Z40: 30 | AA40: 450

Sheet Market View
A1: Date | B1: model://FEED/SERIE_A/HIGH/ALL | C1: model://FEED/SERIE_B/HIGH/ALL | D1: model://FEED/SERIE_C/HIGH/ALL | E1: model://FEED/SERIE_D/HIGH/ALL | F1: model://FX/USD.EUR/MID/ALL
A2: 46216 | B2: 1295 | C2: 495.25 | D2: 615.5 | E2: 1275.75 | F2: 1.14
A3: 46217 | B3: 1302 | C3: 502.25 | D3: 622.5 | E3: 1282.75 | F3: 1.143
A4: 46218 | B4: 1298 | C4: 498.25 | D4: 618.5 | E4: 1278.75 | F4: 1.146
A5: 46219 | B5: 1305 | C5: 505.25 | D5: 625.5 | E5: 1285.75 | F5: 1.142
A6: 46220 | B6: 1301 | C6: 501.25 | D6: 621.5 | E6: 1281.75 | F6: 1.145
A7: 46223 | B7: 1300 | C7: 500.25 | D7: 620.5 | E7: 1280.75 | F7: 1.14
A8: 46224 | B8: 1296 | C8: 496.25 | D8: 616.5 | E8: 1276.75 | F8: 1.143
A9: 46225 | B9: 1303 | C9: 503.25 | D9: 623.5 | E9: 1283.75 | F9: 1.146
A10: 46226 | B10: 1299 | C10: 499.25 | D10: 619.5 | E10: 1279.75 | F10: 1.142
A11: 46227 | B11: 1295 | C11: 495.25 | D11: 615.5 | E11: 1275.75 | F11: 1.145
A12: 46230 | B12: 1305 | C12: 505.25 | D12: 625.5 | E12: 1285.75 | F12: 1.14
A13: 46231 | B13: 1301 | C13: 501.25 | D13: 621.5 | E13: 1281.75 | F13: 1.143
... A21: 46241 | B21: 1305 | C21: 505.25 | D21: 625.5 | E21: 1285.75 | F21: 1.145

Sheet Outputs
B6: Data Output | C6: =IF(Data_Manual="",TODAY(),Data_Manual)
B7: Data Manual | C7: 46244
B13: Data | C13: Indexante Z | D13: Indexante B | E13: Indexante C | F13: Indexante A | G13: Indexante D | H13: Câmbio | W13: Produto C | X13: Produto B | Z13: Produto A | AC13: EUR / USD | AF13: MOEDA | AG13: UNIDADE | AJ13: FUEL | AK13: MGO
B14: =B15-1 | C14: =IF($C$6>=$B14,INDEX(Index_Z_Preço,MATCH($B14,Data_Lista,0)),"") | D14: =IF($C$6>=$B14,INDEX(Index_B_Preço,MATCH($B14,Data_Lista,0)),"") | E14: =IF($C$6>=$B14,INDEX(Index_C_Preço,MATCH($B14,Data_Lista,0)),"") | F14: =IF($C$6>=$B14,INDEX(Index_A_Preço,MATCH($B14,Data_Lista,0)),"") | G14: =IF($C$6>=$B14,INDEX(Index_D_Preço,MATCH($B14,Data_Lista,0)),"") | H14: =IF($C$6>=$B14,INDEX(Index_TaxaCâmbio,MATCH($B14,Data_Lista,0)),"") | M14: =H24 | U14: PREÇO DE REFERÊNCIA USD/TM | W14: =IF($AG$14="M3",IF($AF$14="EUR",(MAX(M23,M32)+W61)/$AC$14,MAX(M23,M32)+W61)*0.953,IF($AF$14="EUR",(MAX(M23,M32)+W61)/$AC$14,MAX(M23,M32)+W61))+10 | X14: =IF($AG$14="M3",IF($AF$14="EUR",(MAX(L23,L32)+W61)/$AC$14,MAX(L23,L32)+W61)*0.989,IF($AF$14="EUR",(MAX(L23,L32)+W61)/$AC$14,MAX(L23,L32)+W61))+10 | Z14: =IF($AG$14="M3",IF($AF$14="EUR",(MAX(N23,N32)+W61)/$AC$14,MAX(N23,N32)+W61)*0.855,IF($AF$14="EUR",(MAX(N23,N32)+W61)/$AC$14,MAX(N23,N32)+W61))+10 | AC14: =INDEX(Index_TaxaCâmbio,MATCH(Data_Output-3,Data_Lista,0)) | AF14: USD | AG14: TM | AI14: PortoNorte | AJ14: =INDEX(INDIRECT("CustosLogísticos_"&AJ$13&"_"&$AI14),MATCH(Data_Output,Data_Lista,0)) | AK14: =INDEX(INDIRECT("CustosLogísticos_"&AK$13&"_"&$AI14),MATCH(Data_Output,Data_Lista,0))
B15: =B16-1 | C15: =IF($C$6>=$B15,INDEX(Index_Z_Preço,MATCH($B15,Data_Lista,0)),"") | D15: =IF($C$6>=$B15,INDEX(Index_B_Preço,MATCH($B15,Data_Lista,0)),"") | E15: =IF($C$6>=$B15,INDEX(Index_C_Preço,MATCH($B15,Data_Lista,0)),"") | F15: =IF($C$6>=$B15,INDEX(Index_A_Preço,MATCH($B15,Data_Lista,0)),"") | G15: =IF($C$6>=$B15,INDEX(Index_D_Preço,MATCH($B15,Data_Lista,0)),"") | H15: =IF($C$6>=$B15,INDEX(Index_TaxaCâmbio,MATCH($B15,Data_Lista,0)),"") | AI15: PortoSul | AJ15: =INDEX(INDIRECT("CustosLogísticos_"&AJ$13&"_"&$AI15),MATCH(Data_Output,Data_Lista,0)) | AK15: =INDEX(INDIRECT("CustosLogísticos_"&AK$13&"_"&$AI15),MATCH(Data_Output,Data_Lista,0))
B16: =B17-1 | C16: =IF($C$6>=$B16,INDEX(Index_Z_Preço,MATCH($B16,Data_Lista,0)),"") | D16: =IF($C$6>=$B16,INDEX(Index_B_Preço,MATCH($B16,Data_Lista,0)),"") | E16: =IF($C$6>=$B16,INDEX(Index_C_Preço,MATCH($B16,Data_Lista,0)),"") | F16: =IF($C$6>=$B16,INDEX(Index_A_Preço,MATCH($B16,Data_Lista,0)),"") | G16: =IF($C$6>=$B16,INDEX(Index_D_Preço,MATCH($B16,Data_Lista,0)),"") | H16: =IF($C$6>=$B16,INDEX(Index_TaxaCâmbio,MATCH($B16,Data_Lista,0)),"")
B17: =B18-1 | C17: =IF($C$6>=$B17,INDEX(Index_Z_Preço,MATCH($B17,Data_Lista,0)),"") | D17: =IF($C$6>=$B17,INDEX(Index_B_Preço,MATCH($B17,Data_Lista,0)),"") | E17: =IF($C$6>=$B17,INDEX(Index_C_Preço,MATCH($B17,Data_Lista,0)),"") | F17: =IF($C$6>=$B17,INDEX(Index_A_Preço,MATCH($B17,Data_Lista,0)),"") | G17: =IF($C$6>=$B17,INDEX(Index_D_Preço,MATCH($B17,Data_Lista,0)),"") | H17: =IF($C$6>=$B17,INDEX(Index_TaxaCâmbio,MATCH($B17,Data_Lista,0)),"") | U17: ABAST. A OCORRER ATÉ: | W17: =MAX(M23,M32)-M32 | X17: =MAX(L23,L32)-L32 | Z17: =MAX(N23,N32)-N32
B18: =B19-3 | C18: =IF($C$6>=$B18,INDEX(Index_Z_Preço,MATCH($B18,Data_Lista,0)),"") | D18: =IF($C$6>=$B18,INDEX(Index_B_Preço,MATCH($B18,Data_Lista,0)),"") | E18: =IF($C$6>=$B18,INDEX(Index_C_Preço,MATCH($B18,Data_Lista,0)),"") | F18: =IF($C$6>=$B18,INDEX(Index_A_Preço,MATCH($B18,Data_Lista,0)),"") | G18: =IF($C$6>=$B18,INDEX(Index_D_Preço,MATCH($B18,Data_Lista,0)),"") | H18: =IF($C$6>=$B18,INDEX(Index_TaxaCâmbio,MATCH($B18,Data_Lista,0)),"") | U18: ABAST. A OCORRER APÓS: | W18: =MAX(M23,M32)-M23 | X18: =MAX(L23,L32)-L23 | Z18: =MAX(N23,N32)-N23
B19: =IF(WEEKDAY(Data_Output,2)=1,Data_Output,Data_Output-WEEKDAY(Data_Output,2)+1) | C19: =IF($C$6>=$B19,INDEX(Index_Z_Preço,MATCH($B19,Data_Lista,0)),"") | D19: =IF($C$6>=$B19,INDEX(Index_B_Preço,MATCH($B19,Data_Lista,0)),"") | E19: =IF($C$6>=$B19,INDEX(Index_C_Preço,MATCH($B19,Data_Lista,0)),"") | F19: =IF($C$6>=$B19,INDEX(Index_A_Preço,MATCH($B19,Data_Lista,0)),"") | G19: =IF($C$6>=$B19,INDEX(Index_D_Preço,MATCH($B19,Data_Lista,0)),"") | H19: =IF($C$6>=$B19,INDEX(Index_TaxaCâmbio,MATCH($B19,Data_Lista,0)),"") | K19: Cedência USD | L19: =+D24+D27 | M19: =+E24+E27 | N19: =+F24+F27 | U19: ADICIONAL | W19: =INDEX(PreçosSpot_C_DescontoAdicional,MATCH(Data_Output,Data_Lista,0)) | X19: =INDEX(PreçosSpot_C_DescontoAdicional,MATCH(Data_Output,Data_Lista,0)) | Z19: =INDEX(PreçosSpot_C_DescontoAdicional,MATCH(Data_Output,Data_Lista,0))
B20: =B19+1 | C20: =IF($C$6>=$B20,INDEX(Index_Z_Preço,MATCH($B20,Data_Lista,0)),"") | D20: =IF($C$6>=$B20,INDEX(Index_B_Preço,MATCH($B20,Data_Lista,0)),"") | E20: =IF($C$6>=$B20,INDEX(Index_C_Preço,MATCH($B20,Data_Lista,0)),"") | F20: =IF($C$6>=$B20,INDEX(Index_A_Preço,MATCH($B20,Data_Lista,0)),"") | G20: =IF($C$6>=$B20,INDEX(Index_D_Preço,MATCH($B20,Data_Lista,0)),"") | H20: =IF($C$6>=$B20,INDEX(Index_TaxaCâmbio,MATCH($B20,Data_Lista,0)),"") | K20: Margem alvo EUR | L20: =INDEX(PreçosSpot_C_Margem,MATCH(Data_Output,Data_Lista,0)) | M20: =INDEX(PreçosSpot_C_Margem,MATCH(Data_Output,Data_Lista,0)) | N20: =INDEX(PreçosSpot_C_Margem,MATCH(Data_Output,Data_Lista,0))
B21: =B20+1 | C21: =IF($C$6>=$B21,INDEX(Index_Z_Preço,MATCH($B21,Data_Lista,0)),"") | D21: =IF($C$6>=$B21,INDEX(Index_B_Preço,MATCH($B21,Data_Lista,0)),"") | E21: =IF($C$6>=$B21,INDEX(Index_C_Preço,MATCH($B21,Data_Lista,0)),"") | F21: =IF($C$6>=$B21,INDEX(Index_A_Preço,MATCH($B21,Data_Lista,0)),"") | G21: =IF($C$6>=$B21,INDEX(Index_D_Preço,MATCH($B21,Data_Lista,0)),"") | H21: =IF($C$6>=$B21,INDEX(Index_TaxaCâmbio,MATCH($B21,Data_Lista,0)),"") | K21: Margem USD | L21: =L20*$M$14 | M21: =M20*$M$14 | N21: =N20*$M$14 | U21: PREÇO MÍNIMO ATÉ: | W21: =+W14-W17-W19 | X21: =+X14-X17-X19 | Z21: =+Z14-Z17-Z19 | CL21: CLIENTE A — prémio por porto EUR/MT
B22: =B21+1 | C22: =IF($C$6>=$B22,INDEX(Index_Z_Preço,MATCH($B22,Data_Lista,0)),"") | D22: =IF($C$6>=$B22,INDEX(Index_B_Preço,MATCH($B22,Data_Lista,0)),"") | E22: =IF($C$6>=$B22,INDEX(Index_C_Preço,MATCH($B22,Data_Lista,0)),"") | F22: =IF($C$6>=$B22,INDEX(Index_A_Preço,MATCH($B22,Data_Lista,0)),"") | G22: =IF($C$6>=$B22,INDEX(Index_D_Preço,MATCH($B22,Data_Lista,0)),"") | H22: =IF($C$6>=$B22,INDEX(Index_TaxaCâmbio,MATCH($B22,Data_Lista,0)),"") | U22: PREÇO MÍNIMO APÓS: | W22: =+W14-W18-W19 | X22: =+X14-X18-X19 | Z22: =+Z14-Z18-Z19 | CN22: Porto Norte | CO22: Porto Sul
B23: =B22+1 | C23: =IF($C$6>=$B23,INDEX(Index_Z_Preço,MATCH($B23,Data_Lista,0)),"") | D23: =IF($C$6>=$B23,INDEX(Index_B_Preço,MATCH($B23,Data_Lista,0)),"") | E23: =IF($C$6>=$B23,INDEX(Index_C_Preço,MATCH($B23,Data_Lista,0)),"") | F23: =IF($C$6>=$B23,INDEX(Index_A_Preço,MATCH($B23,Data_Lista,0)),"") | G23: =IF($C$6>=$B23,INDEX(Index_D_Preço,MATCH($B23,Data_Lista,0)),"") | H23: =IF($C$6>=$B23,INDEX(Index_TaxaCâmbio,MATCH($B23,Data_Lista,0)),"") | K23: Preço USD | L23: =+L19+L21 | M23: =+M19+M21 | N23: =+N19+N21 | CM23: =ROUND(AVERAGE(CN23:CO23),2) | CN23: 42 | CO23: 45
B24: Média semana N | C24: =IF(SUM(C19:C23)=0,0,AVERAGEIF(C19:C23,"<>0")) | D24: =IF(SUM(D19:D23)=0,0,AVERAGEIF(D19:D23,"<>0")) | E24: =IF(SUM(E19:E23)=0,0,AVERAGEIF(E19:E23,"<>0")) | F24: =IF(SUM(F19:F23)=0,0,AVERAGEIF(F19:F23,"<>0")) | G24: =IF(SUM(G19:G23)=0,0,AVERAGEIF(G19:G23,"<>0")) | H24: =IF(SUM(H19:H23)=0,0,AVERAGEIF(H19:H23,"<>0")) | U24: CARRO TANQUE (USD/TM DELIVERED)
B25: Prémio | C25: =INDEX(Index_Z_Prémio,MATCH(Data_Output,Data_Lista,0)) | D25: =INDEX(Index_B_Prémio,MATCH(Data_Output,Data_Lista,0)) | E25: =INDEX(Index_C_Prémio,MATCH(Data_Output,Data_Lista,0)) | F25: =INDEX(Index_A_Prémio,MATCH(Data_Output,Data_Lista,0)) | G25: =INDEX(Index_D_Prémio,MATCH(Data_Output,Data_Lista,0)) | M25: =H29
B26: SLI's | C26: =INDEX(Index_Z_SLI,MATCH(Data_Output,Data_Lista,0))*$H$24 | D26: =INDEX(Index_B_SLI,MATCH(Data_Output,Data_Lista,0))*$H$24 | E26: =INDEX(Index_C_SLI,MATCH(Data_Output,Data_Lista,0))*$H$24 | F26: =INDEX(Index_A_SLI,MATCH(Data_Output,Data_Lista,0))*$H$24 | G26: =INDEX(Index_D_SLI,MATCH(Data_Output,Data_Lista,0))*$H$24 | U26: ABAST. A OCORRER ATÉ:
B27: Tot. Enc. | C27: =+C26+C25 | D27: =+D26+D25 | E27: =+E26+E25 | F27: =+F26+F25 | G27: =+G26+G25 | U27: PORTO NORTE | W27: =$W$21+AJ14-10 | Z27: =$Z$21+AK14-$AK$31-10
L28: =+D29+D32 | M28: =+E29+E32 | N28: =+F29+F32 | U28: PORTO SUL | W28: =$W$21+AJ15-10 | Z28: =$Z$21+AK15-$AK$31-10
B29: Média semana N-1 | C29: =IF(SUM(C14:C18)=0,0,AVERAGEIF(C14:C18,"<>0")) | D29: =IF(SUM(D14:D18)=0,0,AVERAGEIF(D14:D18,"<>0")) | E29: =IF(SUM(E14:E18)=0,0,AVERAGEIF(E14:E18,"<>0")) | F29: =IF(SUM(F14:F18)=0,0,AVERAGEIF(F14:F18,"<>0")) | G29: =IF(SUM(G14:G18)=0,0,AVERAGEIF(G14:G18,"<>0")) | H29: =IF(SUM(H14:H18)=0,0,AVERAGEIF(H14:H18,"<>0")) | L29: =INDEX(PreçosSpot_C_Margem,MATCH(Data_Output,Data_Lista,0)) | M29: =INDEX(PreçosSpot_C_Margem,MATCH(Data_Output,Data_Lista,0)) | N29: =INDEX(PreçosSpot_C_Margem,MATCH(Data_Output,Data_Lista,0))
C30: =INDEX(Index_Z_Prémio,MATCH(Data_Output,Data_Lista,0)) | D30: =INDEX(Index_B_Prémio,MATCH(Data_Output,Data_Lista,0)) | E30: =INDEX(Index_C_Prémio,MATCH(Data_Output,Data_Lista,0)) | F30: =INDEX(Index_A_Prémio,MATCH(Data_Output,Data_Lista,0)) | G30: =INDEX(Index_D_Prémio,MATCH(Data_Output,Data_Lista,0)) | L30: =L29*$M$25 | M30: =M29*$M$25 | N30: =N29*$M$25 | AJ30: Desconto CT | AK30: MGO
C31: =INDEX(Index_Z_SLI,MATCH(Data_Output,Data_Lista,0))*$H$29 | D31: =INDEX(Index_B_SLI,MATCH(Data_Output,Data_Lista,0))*$H$29 | E31: =INDEX(Index_C_SLI,MATCH(Data_Output,Data_Lista,0))*$H$29 | F31: =INDEX(Index_A_SLI,MATCH(Data_Output,Data_Lista,0))*$H$29 | G31: =INDEX(Index_D_SLI,MATCH(Data_Output,Data_Lista,0))*$H$29 | AK31: 5
C32: =+C31+C30 | D32: =+D31+D30 | E32: =+E31+E30 | F32: =+F31+F30 | G32: =+G31+G30 | L32: =L28+L30 | M32: =M28+M30 | N32: =N28+N30
C36: CARGA — TABELA DE PREÇOS
C37: PRODUTO A | D37: =D38+15.5
C38: PRODUTO B | D38: =MIN(F24,F29) | E38: =D38/AC14
C39: PRODUTO C | D39: =MIN(E24,E29) | E39: =D39/AC14
C40: PRODUTO D | D40: =MIN(D24,D29)
C41: BLEND B10 | D41: ='Outputs BIOS'!D10
C42: BLEND B20 | D42: ='Outputs BIOS'!D11
U61: Prémio de referência | W61: =INDEX(PreçosSpot_C_PrémioRef,MATCH(Data_Output,Data_Lista,0))

Sheet Simulador
B6: Data Output | C6: =IF(Data_Manual="",TODAY(),Data_Manual)
B7: Data Manual | C7: 46244
B13: Data | C13: Indexante Z | D13: Indexante B | E13: Indexante C | F13: Indexante A | G13: Indexante D | H13: Câmbio | W13: Produto C | X13: Produto B | Z13: Produto A | AC13: EUR / USD | AF13: MOEDA | AG13: UNIDADE | AJ13: FUEL | AK13: MGO
B14: =B15-1 | C14: =IF($C$6>=$B14,INDEX(Index_Z_Preço,MATCH($B14,Data_Lista,0)),"") | D14: =IF($C$6>=$B14,INDEX(Index_B_Preço,MATCH($B14,Data_Lista,0)),"") | E14: =IF($C$6>=$B14,INDEX(Index_C_Preço,MATCH($B14,Data_Lista,0)),"") | F14: =IF($C$6>=$B14,INDEX(Index_A_Preço,MATCH($B14,Data_Lista,0)),"") | G14: =IF($C$6>=$B14,INDEX(Index_D_Preço,MATCH($B14,Data_Lista,0)),"") | H14: =IF($C$6>=$B14,INDEX(Index_TaxaCâmbio,MATCH($B14,Data_Lista,0)),"") | M14: =H24 | U14: PREÇO DE REFERÊNCIA USD/TM | W14: =IF($AG$14="M3",IF($AF$14="EUR",(MAX(M23,M32)+W61)/$AC$14,MAX(M23,M32)+W61)*0.953,IF($AF$14="EUR",(MAX(M23,M32)+W61)/$AC$14,MAX(M23,M32)+W61))+10 | X14: =IF($AG$14="M3",IF($AF$14="EUR",(MAX(L23,L32)+W61)/$AC$14,MAX(L23,L32)+W61)*0.989,IF($AF$14="EUR",(MAX(L23,L32)+W61)/$AC$14,MAX(L23,L32)+W61))+10 | Z14: =IF($AG$14="M3",IF($AF$14="EUR",(MAX(N23,N32)+W61)/$AC$14,MAX(N23,N32)+W61)*0.855,IF($AF$14="EUR",(MAX(N23,N32)+W61)/$AC$14,MAX(N23,N32)+W61))+10 | AC14: =INDEX(Index_TaxaCâmbio,MATCH(Data_Output-3,Data_Lista,0)) | AF14: USD | AG14: TM | AI14: PortoNorte | AJ14: =INDEX(INDIRECT("CustosLogísticos_"&AJ$13&"_"&$AI14),MATCH(Data_Output,Data_Lista,0)) | AK14: =INDEX(INDIRECT("CustosLogísticos_"&AK$13&"_"&$AI14),MATCH(Data_Output,Data_Lista,0))
B15: =B16-1 | C15: =IF($C$6>=$B15,INDEX(Index_Z_Preço,MATCH($B15,Data_Lista,0)),"") | D15: =IF($C$6>=$B15,INDEX(Index_B_Preço,MATCH($B15,Data_Lista,0)),"") | E15: =IF($C$6>=$B15,INDEX(Index_C_Preço,MATCH($B15,Data_Lista,0)),"") | F15: =IF($C$6>=$B15,INDEX(Index_A_Preço,MATCH($B15,Data_Lista,0)),"") | G15: =IF($C$6>=$B15,INDEX(Index_D_Preço,MATCH($B15,Data_Lista,0)),"") | H15: =IF($C$6>=$B15,INDEX(Index_TaxaCâmbio,MATCH($B15,Data_Lista,0)),"") | AI15: PortoSul | AJ15: =INDEX(INDIRECT("CustosLogísticos_"&AJ$13&"_"&$AI15),MATCH(Data_Output,Data_Lista,0)) | AK15: =INDEX(INDIRECT("CustosLogísticos_"&AK$13&"_"&$AI15),MATCH(Data_Output,Data_Lista,0))
B16: =B17-1 | C16: =IF($C$6>=$B16,INDEX(Index_Z_Preço,MATCH($B16,Data_Lista,0)),"") | D16: =IF($C$6>=$B16,INDEX(Index_B_Preço,MATCH($B16,Data_Lista,0)),"") | E16: =IF($C$6>=$B16,INDEX(Index_C_Preço,MATCH($B16,Data_Lista,0)),"") | F16: =IF($C$6>=$B16,INDEX(Index_A_Preço,MATCH($B16,Data_Lista,0)),"") | G16: =IF($C$6>=$B16,INDEX(Index_D_Preço,MATCH($B16,Data_Lista,0)),"") | H16: =IF($C$6>=$B16,INDEX(Index_TaxaCâmbio,MATCH($B16,Data_Lista,0)),"")
B17: =B18-1 | C17: =IF($C$6>=$B17,INDEX(Index_Z_Preço,MATCH($B17,Data_Lista,0)),"") | D17: =IF($C$6>=$B17,INDEX(Index_B_Preço,MATCH($B17,Data_Lista,0)),"") | E17: =IF($C$6>=$B17,INDEX(Index_C_Preço,MATCH($B17,Data_Lista,0)),"") | F17: =IF($C$6>=$B17,INDEX(Index_A_Preço,MATCH($B17,Data_Lista,0)),"") | G17: =IF($C$6>=$B17,INDEX(Index_D_Preço,MATCH($B17,Data_Lista,0)),"") | H17: =IF($C$6>=$B17,INDEX(Index_TaxaCâmbio,MATCH($B17,Data_Lista,0)),"") | U17: ABAST. A OCORRER ATÉ: | W17: =MAX(M23,M32)-M32 | X17: =MAX(L23,L32)-L32 | Z17: =MAX(N23,N32)-N32
B18: =B19-3 | C18: =IF($C$6>=$B18,INDEX(Index_Z_Preço,MATCH($B18,Data_Lista,0)),"") | D18: =IF($C$6>=$B18,INDEX(Index_B_Preço,MATCH($B18,Data_Lista,0)),"") | E18: =IF($C$6>=$B18,INDEX(Index_C_Preço,MATCH($B18,Data_Lista,0)),"") | F18: =IF($C$6>=$B18,INDEX(Index_A_Preço,MATCH($B18,Data_Lista,0)),"") | G18: =IF($C$6>=$B18,INDEX(Index_D_Preço,MATCH($B18,Data_Lista,0)),"") | H18: =IF($C$6>=$B18,INDEX(Index_TaxaCâmbio,MATCH($B18,Data_Lista,0)),"") | U18: ABAST. A OCORRER APÓS: | W18: =MAX(M23,M32)-M23 | X18: =MAX(L23,L32)-L23 | Z18: =MAX(N23,N32)-N23
B19: =IF(WEEKDAY(Data_Output,2)=1,Data_Output,Data_Output-WEEKDAY(Data_Output,2)+1) | C19: =IF($C$6>=$B19,INDEX(Index_Z_Preço,MATCH($B19,Data_Lista,0)),"") | D19: =IF($C$6>=$B19,INDEX(Index_B_Preço,MATCH($B19,Data_Lista,0)),"") | E19: =IF($C$6>=$B19,INDEX(Index_C_Preço,MATCH($B19,Data_Lista,0)),"") | F19: =IF($C$6>=$B19,INDEX(Index_A_Preço,MATCH($B19,Data_Lista,0)),"") | G19: =IF($C$6>=$B19,INDEX(Index_D_Preço,MATCH($B19,Data_Lista,0)),"") | H19: =IF($C$6>=$B19,INDEX(Index_TaxaCâmbio,MATCH($B19,Data_Lista,0)),"") | K19: Cedência USD | L19: =+D24+D27 | M19: =+E24+E27 | N19: =+F24+F27 | U19: ADICIONAL | W19: =INDEX(PreçosSpot_C_DescontoAdicional,MATCH(Data_Output,Data_Lista,0)) | X19: =INDEX(PreçosSpot_C_DescontoAdicional,MATCH(Data_Output,Data_Lista,0)) | Z19: =INDEX(PreçosSpot_C_DescontoAdicional,MATCH(Data_Output,Data_Lista,0))
B20: =B19+1 | C20: =IF($C$6>=$B20,INDEX(Index_Z_Preço,MATCH($B20,Data_Lista,0)),"") | D20: =IF($C$6>=$B20,INDEX(Index_B_Preço,MATCH($B20,Data_Lista,0)),"") | E20: =IF($C$6>=$B20,INDEX(Index_C_Preço,MATCH($B20,Data_Lista,0)),"") | F20: =IF($C$6>=$B20,INDEX(Index_A_Preço,MATCH($B20,Data_Lista,0)),"") | G20: =IF($C$6>=$B20,INDEX(Index_D_Preço,MATCH($B20,Data_Lista,0)),"") | H20: =IF($C$6>=$B20,INDEX(Index_TaxaCâmbio,MATCH($B20,Data_Lista,0)),"") | K20: Margem alvo EUR | L20: =INDEX(PreçosSpot_C_Margem,MATCH(Data_Output,Data_Lista,0)) | M20: =INDEX(PreçosSpot_C_Margem,MATCH(Data_Output,Data_Lista,0)) | N20: =INDEX(PreçosSpot_C_Margem,MATCH(Data_Output,Data_Lista,0))
B21: =B20+1 | C21: =IF($C$6>=$B21,INDEX(Index_Z_Preço,MATCH($B21,Data_Lista,0)),"") | D21: =IF($C$6>=$B21,INDEX(Index_B_Preço,MATCH($B21,Data_Lista,0)),"") | E21: =IF($C$6>=$B21,INDEX(Index_C_Preço,MATCH($B21,Data_Lista,0)),"") | F21: =IF($C$6>=$B21,INDEX(Index_A_Preço,MATCH($B21,Data_Lista,0)),"") | G21: =IF($C$6>=$B21,INDEX(Index_D_Preço,MATCH($B21,Data_Lista,0)),"") | H21: =IF($C$6>=$B21,INDEX(Index_TaxaCâmbio,MATCH($B21,Data_Lista,0)),"") | K21: Margem USD | L21: =L20*$M$14 | M21: =M20*$M$14 | N21: =N20*$M$14 | U21: PREÇO MÍNIMO ATÉ: | W21: =+W14-W17-W19 | X21: =+X14-X17-X19 | Z21: =+Z14-Z17-Z19 | CL21: CLIENTE A — prémio por porto EUR/MT
B22: =B21+1 | C22: =IF($C$6>=$B22,INDEX(Index_Z_Preço,MATCH($B22,Data_Lista,0)),"") | D22: =IF($C$6>=$B22,INDEX(Index_B_Preço,MATCH($B22,Data_Lista,0)),"") | E22: =IF($C$6>=$B22,INDEX(Index_C_Preço,MATCH($B22,Data_Lista,0)),"") | F22: =IF($C$6>=$B22,INDEX(Index_A_Preço,MATCH($B22,Data_Lista,0)),"") | G22: =IF($C$6>=$B22,INDEX(Index_D_Preço,MATCH($B22,Data_Lista,0)),"") | H22: =IF($C$6>=$B22,INDEX(Index_TaxaCâmbio,MATCH($B22,Data_Lista,0)),"") | U22: PREÇO MÍNIMO APÓS: | W22: =+W14-W18-W19 | X22: =+X14-X18-X19 | Z22: =+Z14-Z18-Z19 | CN22: Porto Norte | CO22: Porto Sul
B23: =B22+1 | C23: =IF($C$6>=$B23,INDEX(Index_Z_Preço,MATCH($B23,Data_Lista,0)),"") | D23: =IF($C$6>=$B23,INDEX(Index_B_Preço,MATCH($B23,Data_Lista,0)),"") | E23: =IF($C$6>=$B23,INDEX(Index_C_Preço,MATCH($B23,Data_Lista,0)),"") | F23: =IF($C$6>=$B23,INDEX(Index_A_Preço,MATCH($B23,Data_Lista,0)),"") | G23: =IF($C$6>=$B23,INDEX(Index_D_Preço,MATCH($B23,Data_Lista,0)),"") | H23: =IF($C$6>=$B23,INDEX(Index_TaxaCâmbio,MATCH($B23,Data_Lista,0)),"") | K23: Preço USD | L23: =+L19+L21 | M23: =+M19+M21 | N23: =+N19+N21 | CM23: =ROUND(AVERAGE(CN23:CO23),2) | CN23: 37 | CO23: 40
B24: Média semana N | C24: =IF(SUM(C19:C23)=0,0,AVERAGEIF(C19:C23,"<>0")) | D24: =IF(SUM(D19:D23)=0,0,AVERAGEIF(D19:D23,"<>0")) | E24: =IF(SUM(E19:E23)=0,0,AVERAGEIF(E19:E23,"<>0")) | F24: =IF(SUM(F19:F23)=0,0,AVERAGEIF(F19:F23,"<>0")) | G24: =IF(SUM(G19:G23)=0,0,AVERAGEIF(G19:G23,"<>0")) | H24: =IF(SUM(H19:H23)=0,0,AVERAGEIF(H19:H23,"<>0")) | U24: CARRO TANQUE (USD/TM DELIVERED)
B25: Prémio | C25: =INDEX(Index_Z_Prémio,MATCH(Data_Output,Data_Lista,0)) | D25: =INDEX(Index_B_Prémio,MATCH(Data_Output,Data_Lista,0)) | E25: =INDEX(Index_C_Prémio,MATCH(Data_Output,Data_Lista,0)) | F25: =INDEX(Index_A_Prémio,MATCH(Data_Output,Data_Lista,0)) | G25: =INDEX(Index_D_Prémio,MATCH(Data_Output,Data_Lista,0)) | M25: =H29
B26: SLI's | C26: =INDEX(Index_Z_SLI,MATCH(Data_Output,Data_Lista,0))*$H$24 | D26: =INDEX(Index_B_SLI,MATCH(Data_Output,Data_Lista,0))*$H$24 | E26: =INDEX(Index_C_SLI,MATCH(Data_Output,Data_Lista,0))*$H$24 | F26: =INDEX(Index_A_SLI,MATCH(Data_Output,Data_Lista,0))*$H$24 | G26: =INDEX(Index_D_SLI,MATCH(Data_Output,Data_Lista,0))*$H$24 | U26: ABAST. A OCORRER ATÉ:
B27: Tot. Enc. | C27: =+C26+C25 | D27: =+D26+D25 | E27: =+E26+E25 | F27: =+F26+F25 | G27: =+G26+G25 | U27: PORTO NORTE | W27: =$W$21+AJ14 | Z27: =$Z$21+AK14-$AK$31
L28: =+D29+D32 | M28: =+E29+E32 | N28: =+F29+F32 | U28: PORTO SUL | W28: =$W$21+AJ15 | Z28: =$Z$21+AK15-$AK$31
B29: Média semana N-1 | C29: =IF(SUM(C14:C18)=0,0,AVERAGEIF(C14:C18,"<>0")) | D29: =IF(SUM(D14:D18)=0,0,AVERAGEIF(D14:D18,"<>0")) | E29: =IF(SUM(E14:E18)=0,0,AVERAGEIF(E14:E18,"<>0")) | F29: =IF(SUM(F14:F18)=0,0,AVERAGEIF(F14:F18,"<>0")) | G29: =IF(SUM(G14:G18)=0,0,AVERAGEIF(G14:G18,"<>0")) | H29: =IF(SUM(H14:H18)=0,0,AVERAGEIF(H14:H18,"<>0")) | L29: =INDEX(PreçosSpot_C_Margem,MATCH(Data_Output,Data_Lista,0)) | M29: =INDEX(PreçosSpot_C_Margem,MATCH(Data_Output,Data_Lista,0)) | N29: =INDEX(PreçosSpot_C_Margem,MATCH(Data_Output,Data_Lista,0))
C30: =INDEX(Index_Z_Prémio,MATCH(Data_Output,Data_Lista,0)) | D30: =INDEX(Index_B_Prémio,MATCH(Data_Output,Data_Lista,0)) | E30: =INDEX(Index_C_Prémio,MATCH(Data_Output,Data_Lista,0)) | F30: =INDEX(Index_A_Prémio,MATCH(Data_Output,Data_Lista,0)) | G30: =INDEX(Index_D_Prémio,MATCH(Data_Output,Data_Lista,0)) | L30: =L29*$M$25 | M30: =M29*$M$25 | N30: =N29*$M$25 | AJ30: Desconto CT | AK30: MGO
C31: =INDEX(Index_Z_SLI,MATCH(Data_Output,Data_Lista,0))*$H$29 | D31: =INDEX(Index_B_SLI,MATCH(Data_Output,Data_Lista,0))*$H$29 | E31: =INDEX(Index_C_SLI,MATCH(Data_Output,Data_Lista,0))*$H$29 | F31: =INDEX(Index_A_SLI,MATCH(Data_Output,Data_Lista,0))*$H$29 | G31: =INDEX(Index_D_SLI,MATCH(Data_Output,Data_Lista,0))*$H$29 | AK31: 5
C32: =+C31+C30 | D32: =+D31+D30 | E32: =+E31+E30 | F32: =+F31+F30 | G32: =+G31+G30 | L32: =L28+L30 | M32: =M28+M30 | N32: =N28+N30
C36: CARGA — TABELA DE PREÇOS
C37: PRODUTO A | D37: =D38+15.5
C38: PRODUTO B | D38: =MIN(F24,F29) | E38: =D38/AC14
C39: PRODUTO C | D39: =MIN(E24,E29) | E39: =D39/AC14
C40: PRODUTO D | D40: =MIN(D24,D29)
C41: BLEND B10 | D41: ='Outputs BIOS'!D10
C42: BLEND B20 | D42: ='Outputs BIOS'!D11
U61: Prémio de referência | W61: =INDEX(PreçosSpot_C_PrémioRef,MATCH(Data_Output,Data_Lista,0))

Sheet Base DFA
D3: Densidade GO | E3: Densidade FAME | F3: Densidade HVO
D4: 0.855 | E4: 0.883 | F4: 0.777
A10: Blend | B10: Ratio | F10: Cot. GO €/m3 | G10: FAME €/m3 | I10: HVO €/m3 | Z10: Cedência blend | AA10: Margem
A11: BLEND B10 | B11: 0.1 | F11: =Outputs!N24/Outputs!H24*$D$4 | G11: 1290 | I11: 1280 | Z11: =F11*(1-B11)+$G$11*B11+$AA$11 | AA11: 30
A12: BLEND B20 | B12: 0.2 | F12: =Outputs!N24/Outputs!H24*$D$4 | Z12: =F12*(1-B12)+$G$11*B12+$AA$11

Sheet Outputs BIOS
B5: Blend | D5: Preço €/m3
B6: Referência BIOS | D6: =MAX(D10:D11)+8
B10: BLEND B10 | D10: =+SUMIFS('Base DFA'!$Z$11:$Z$22,'Base DFA'!$A$11:$A$22,'Outputs BIOS'!B10)+10
B11: BLEND B20 | D11: =+SUMIFS('Base DFA'!$Z$11:$Z$22,'Base DFA'!$A$11:$A$22,'Outputs BIOS'!B11)+10
