Workbook
Name Factor_Resultado: Parametros!$B$2
Name Base_Aditivo: Parametros!$B$3
Name Lote_Lista: Entradas!$B$2:$B$13
Name Custo_Posto_D: Entradas!$I$2:$I$13

Sheet Entradas
A1: Data | B1: Lote | C1: Produto | D1: ValorMedido | E1: Operador | F1: Custo_Posto_A | G1: Custo_Posto_B | H1: Custo_Posto_C
A2: 2026-01-01 | B2: L001 | C2: P-1 | D2: 10.5 | E2: op1 | F2: 5 | G2: 5.5 | H2: 6
A3: 2026-01-02 | B3: L002 | C3: P-2 | D3: 11 | E3: op2 | F3: 6 | G3: 6.5 | H3: 7
A4: 2026-01-03 | B4: L003 | C4: P-1 | D4: 11.5 | E4: op0 | F4: 7 | G4: 7.5 | H4: 8
A5: 2026-01-04 | B5: L004 | C5: P-2 | D5: 12 | E5: op1 | F5: 8 | G5: 8.5 | H5: 9
A6: 2026-01-05 | B6: L005 | C6: P-1 | D6: 12.5 | E6: op2 | F6: 9 | G6: 9.5 | H6: 10
A7: 2026-01-06 | B7: L006 | C7: P-2 | D7: 13 | E7: op0 | F7: 10 | G7: 10.5 | H7: 11
A8: 2026-01-07 | B8: L007 | C8: P-1 | D8: 13.5 | E8: op1 | F8: 11 | G8: 11.5 | H8: 12
A9: 2026-01-08 | B9: L008 | C9: P-2 | D9: 14 | E9: op2 | F9: 12 | G9: 12.5 | H9: 13
A10: 2026-01-09 | B10: L009 | C10: P-1 | D10: 14.5 | E10: op0 | F10: 13 | G10: 13.5 | H10: 14
A11: 2026-01-10 | B11: L010 | C11: P-2 | D11: 15 | E11: op1 | F11: 14 | G11: 14.5 | H11: 15
A12: 2026-01-11 | B12: L011 | C12: P-1 | D12: 15.5 | E12: op2 | F12: 15 | G12: 15.5 | H12: 16
A13: 2026-01-12 | B13: L012 | C13: P-2 | D13: 16 | E13: op0 | F13: 16 | G13: 16.5 | H13: 17

Sheet Resumo de Lotes
A1: Data | B1: Lote | C1: Resultado | D1: Estado
A2: =Entradas!A2 | B2: =Entradas!B2 | C2: =Entradas!D%d*Parametros!$B$2 | D2: Libertado
A3: =Entradas!A3 | B3: =Entradas!B3 | C3: =Entradas!D%d*Parametros!$B$2 | D3: Libertado
A4: =Entradas!A4 | B4: =Entradas!B4 | C4: =Entradas!D%d*Parametros!$B$2 | D4: Libertado
A5: =Entradas!A5 | B5: =Entradas!B5 | C5: =Entradas!D%d*Parametros!$B$2 | D5: Libertado
A6: =Entradas!A6 | B6: =Entradas!B6 | C6: =Entradas!D%d*Parametros!$B$2 | D6: Libertado
A7: =Entradas!A7 | B7: =Entradas!B7 | C7: =Entradas!D%d*Parametros!$B$2 | D7: Libertado
A8: =Entradas!A8 | B8: =Entradas!B8 | C8: =Entradas!D%d*Parametros!$B$2 | D8: Libertado
A9: =Entradas!A9 | B9: =Entradas!B9 | C9: =Entradas!D%d*Parametros!$B$2 | D9: Libertado
A10: =Entradas!A10 | B10: =Entradas!B10 | C10: =Entradas!D%d*Parametros!$B$2 | D10: Libertado
A11: =Entradas!A11 | B11: =Entradas!B11 | C11: =Entradas!D%d*Parametros!$B$2 | D11: Libertado
A12: =Entradas!A12 | B12: =Entradas!B12 | C12: =Entradas!D%d*Parametros!$B$2 | D12: Libertado
A13: =Entradas!A13 | B13: =Entradas!B13 | C13: =Entradas!D%d*Parametros!$B$2 | D13: Libertado

Sheet Resumo Aditivos
A1: Data | B1: Lote | C1: Aditivo | D1: Percentagem
A2: =Entradas!A2 | B2: =Entradas!B2 | C2: AD-1 | D2: =Entradas!D2/Parametros!$B$3
A3: =Entradas!A3 | B3: =Entradas!B3 | C3: AD-1 | D3: =Entradas!D3/Parametros!$B$3
A4: =Entradas!A4 | B4: =Entradas!B4 | C4: AD-1 | D4: =Entradas!D4/Parametros!$B$3
A5: =Entradas!A5 | B5: =Entradas!B5 | C5: AD-1 | D5: =Entradas!D5/Parametros!$B$3
A6: =Entradas!A6 | B6: =Entradas!B6 | C6: AD-1 | D6: =Entradas!D6/Parametros!$B$3
A7: =Entradas!A7 | B7: =Entradas!B7 | C7: AD-1 | D7: =Entradas!D7/Parametros!$B$3
A8: =Entradas!A8 | B8: =Entradas!B8 | C8: AD-1 | D8: =Entradas!D8/Parametros!$B$3
A9: =Entradas!A9 | B9: =Entradas!B9 | C9: AD-1 | D9: =Entradas!D9/Parametros!$B$3
A10: =Entradas!A10 | B10: =Entradas!B10 | C10: AD-1 | D10: =Entradas!D10/Parametros!$B$3
A11: =Entradas!A11 | B11: =Entradas!B11 | C11: AD-1 | D11: =Entradas!D11/Parametros!$B$3
A12: =Entradas!A12 | B12: =Entradas!B12 | C12: AD-1 | D12: =Entradas!D12/Parametros!$B$3
A13: =Entradas!A13 | B13: =Entradas!B13 | C13: AD-1 | D13: =Entradas!D13/Parametros!$B$3

Sheet Parametros
A1: Chave | B1: Valor
A2: factor_resultado | B2: 1.2
A3: base_aditivo | B3: 40
A4: limite_alerta | B4: 95
